member_id,plan_id,start_date,end_date
M00000,MED001,2023-10-10,2024-07-18
M00001,MED003,2024-02-07,2025-01-31
M00002,MED001,2023-08-22,2024-05-20
M00003,MED003,2023-10-12,2024-04-23
M00004,MED003,2024-03-27,2025-01-07
M00005,MED003,2023-11-21,2024-07-29
M00006,MED001,2023-11-07,2024-05-25
M00007,MED001,2024-02-12,2024-11-20
M00008,MED002,2023-09-22,2024-07-19
M00009,MED001,2023-12-14,2024-08-24
M00010,MED001,2023-09-24,2024-06-17
M00011,MED003,2023-10-21,2024-08-12
M00012,MED001,2024-01-27,2024-11-01
M00013,MED001,2024-06-03,2025-03-13
M00014,MED003,2023-08-09,2024-07-05
M00015,MED001,2024-06-04,2025-04-10
M00016,MED003,2023-08-02,2024-06-26
M00017,MED001,2024-02-29,2024-10-18
M00018,MED001,2024-02-08,2024-08-07
M00019,MED002,2024-07-04,2025-03-28
M00020,MED001,2023-08-10,2024-07-12
M00021,MED003,2023-10-01,2024-05-05
M00022,MED001,2024-03-31,2025-02-03
M00023,MED002,2024-05-20,2024-12-06
M00024,MED001,2024-04-18,2025-03-24
M00025,MED001,2024-01-06,2024-08-30
M00026,MED003,2024-07-11,2025-01-28
M00027,MED002,2023-12-17,2024-09-10
M00028,MED001,2024-02-16,2024-10-01
M00029,MED001,2023-12-28,2024-08-22
M00030,MED003,2023-07-26,2024-07-09
M00031,MED001,2024-05-23,2024-12-03
M00032,MED001,2023-09-17,2024-09-05
M00033,MED001,2024-01-31,2024-09-17
M00034,MED002,2023-09-17,2024-06-30
M00035,MED001,2024-05-15,2025-01-04
M00036,MED003,2023-10-18,2024-06-17
M00037,MED002,2024-04-11,2025-02-15
M00038,MED001,2024-02-27,2024-10-14
M00039,MED001,2024-06-15,2025-04-25
M00040,MED002,2024-05-06,2024-11-22
M00041,MED001,2023-08-20,2024-04-28
M00042,MED001,2023-10-16,2024-09-26
M00043,MED003,2023-12-05,2024-06-19
M00044,MED002,2023-10-22,2024-08-28
M00045,MED003,2024-02-26,2024-11-20
M00046,MED001,2023-10-07,2024-06-02
M00047,MED003,2024-02-28,2024-09-08
M00048,MED001,2023-07-29,2024-02-02
M00049,MED002,2024-03-25,2024-12-19
M00050,MED002,2023-09-16,2024-05-05
M00051,MED002,2024-07-11,2025-05-16
M00052,MED003,2024-06-06,2025-02-24
M00053,MED003,2024-03-10,2024-12-06
M00054,MED001,2024-04-25,2025-02-09
M00055,MED002,2023-12-11,2024-11-26
M00056,MED003,2024-03-29,2024-10-02
M00057,MED001,2023-11-11,2024-10-30
M00058,MED003,2024-03-08,2024-10-08
M00059,MED001,2024-06-19,2025-03-06
M00060,MED003,2023-10-06,2024-09-13
M00061,MED003,2023-11-16,2024-07-02
M00062,MED003,2024-02-10,2024-11-19
M00063,MED002,2023-10-03,2024-08-09
M00064,MED002,2023-07-30,2024-01-27
M00065,MED003,2024-02-19,2024-12-28
M00066,MED001,2023-09-16,2024-05-06
M00067,MED001,2024-03-21,2024-12-31
M00068,MED002,2023-10-11,2024-04-11
M00069,MED002,2024-06-11,2025-01-30
M00070,MED002,2024-04-10,2025-03-01
M00071,MED003,2024-01-17,2024-08-27
M00072,MED001,2023-11-28,2024-11-03
M00073,MED002,2024-02-06,2024-08-17
M00074,MED003,2024-06-27,2025-03-28
M00075,MED002,2024-07-17,2025-03-01
M00076,MED001,2024-03-15,2024-09-25
M00077,MED001,2023-10-12,2024-05-18
M00078,MED002,2024-06-12,2025-02-28
M00079,MED003,2023-09-17,2024-07-03
M00080,MED001,2024-05-11,2024-12-29
M00081,MED001,2023-11-02,2024-05-23
M00082,MED001,2024-05-28,2025-04-26
M00083,MED002,2023-08-14,2024-06-12
M00084,MED003,2023-10-25,2024-06-01
M00085,MED003,2023-08-07,2024-07-08
M00086,MED003,2023-07-28,2024-02-07
M00087,MED003,2023-09-28,2024-05-09
M00088,MED003,2024-07-06,2025-03-07
M00089,MED002,2023-10-27,2024-07-21
M00090,MED002,2024-06-14,2025-02-19
M00091,MED003,2023-12-29,2024-07-04
M00092,MED003,2023-11-17,2024-08-10
M00093,MED002,2024-01-30,2024-12-03
M00094,MED002,2023-11-04,2024-09-14
M00095,MED003,2024-04-20,2024-12-18
M00096,MED003,2024-03-28,2025-02-09
M00097,MED002,2023-10-06,2024-06-22
M00098,MED001,2023-09-10,2024-07-21
M00099,MED003,2024-01-23,2024-12-30
M00100,MED001,2023-07-29,2024-07-05
M00101,MED003,2024-03-30,2024-10-28
M00102,MED003,2024-07-11,2025-05-09
M00103,MED003,2024-03-29,2024-09-29
M00104,MED003,2023-11-01,2024-06-08
M00105,MED001,2024-07-14,2025-02-06
M00106,MED002,2024-01-29,2024-12-08
M00107,MED002,2023-08-31,2024-05-08
M00108,MED001,2024-04-15,2024-10-23
M00109,MED002,2023-09-22,2024-08-28
M00110,MED002,2024-06-03,2025-01-01
M00111,MED002,2024-03-08,2024-10-21
M00112,MED002,2024-04-08,2025-03-04
M00113,MED002,2023-10-19,2024-06-16
M00114,MED003,2024-04-05,2024-11-07
M00115,MED001,2024-06-04,2025-03-09
M00116,MED002,2024-02-21,2025-02-06
M00117,MED002,2024-05-22,2025-03-01
M00118,MED002,2024-01-31,2024-09-01
M00119,MED003,2023-10-23,2024-07-29
M00120,MED002,2023-08-30,2024-08-18
M00121,MED002,2023-09-25,2024-07-31
M00122,MED001,2023-12-18,2024-06-15
M00123,MED003,2024-02-12,2024-08-14
M00124,MED002,2024-06-18,2025-05-05
M00125,MED001,2023-08-09,2024-05-17
M00126,MED001,2024-01-17,2024-08-10
M00127,MED001,2024-03-29,2025-02-08
M00128,MED001,2023-07-27,2024-02-06
M00129,MED002,2024-02-17,2024-11-12
M00130,MED001,2023-07-27,2024-03-04
M00131,MED003,2024-05-18,2025-03-17
M00132,MED003,2024-05-11,2025-05-04
M00133,MED002,2024-03-07,2024-11-04
M00134,MED001,2024-06-12,2025-03-14
M00135,MED003,2023-10-31,2024-06-18
M00136,MED001,2023-09-11,2024-06-12
M00137,MED003,2023-09-17,2024-07-24
M00138,MED003,2024-02-15,2025-01-10
M00139,MED003,2023-11-01,2024-09-18
M00140,MED002,2024-03-27,2025-03-12
M00141,MED003,2024-06-12,2025-01-06
M00142,MED001,2023-09-08,2024-04-10
M00143,MED002,2023-12-09,2024-06-18
M00144,MED002,2024-01-16,2024-12-20
M00145,MED003,2023-08-02,2024-04-08
M00146,MED002,2024-05-24,2025-02-13
M00147,MED003,2023-12-26,2024-07-20
M00148,MED001,2024-02-01,2024-10-03
M00149,MED002,2024-02-29,2025-02-12
M00150,MED003,2023-12-02,2024-07-13
M00151,MED002,2023-11-18,2024-07-16
M00152,MED002,2024-02-18,2025-02-16
M00153,MED001,2023-09-03,2024-07-12
M00154,MED003,2024-04-12,2024-11-05
M00155,MED003,2023-08-29,2024-03-23
M00156,MED001,2023-11-08,2024-08-21
M00157,MED001,2023-08-06,2024-03-16
M00158,MED003,2024-07-08,2025-03-28
M00159,MED002,2024-02-10,2024-09-06
M00160,MED001,2024-04-20,2024-12-30
M00161,MED001,2024-04-08,2025-02-09
M00162,MED002,2024-01-29,2024-10-26
M00163,MED003,2024-05-27,2025-03-31
M00164,MED002,2023-08-27,2024-06-22
M00165,MED001,2024-02-27,2024-09-20
M00166,MED002,2023-09-08,2024-07-04
M00167,MED003,2024-06-24,2025-04-15
M00168,MED001,2024-03-26,2024-09-24
M00169,MED002,2023-11-26,2024-09-03
M00170,MED003,2023-10-02,2024-08-31
M00171,MED003,2024-02-10,2024-12-22
M00172,MED003,2023-11-01,2024-06-29
M00173,MED003,2023-09-26,2024-09-04
M00174,MED003,2024-05-19,2025-01-04
M00175,MED003,2024-04-30,2025-04-16
M00176,MED001,2023-12-01,2024-10-27
M00177,MED003,2024-07-01,2025-02-24
M00178,MED003,2024-06-26,2025-04-19
M00179,MED003,2024-05-17,2025-04-21
M00180,MED002,2024-01-26,2024-10-27
M00181,MED001,2024-04-28,2025-04-22
M00182,MED001,2024-02-10,2024-11-28
M00183,MED002,2023-09-29,2024-05-27
M00184,MED003,2024-02-01,2024-09-19
M00185,MED002,2023-09-26,2024-04-04
M00186,MED002,2023-10-22,2024-05-27
M00187,MED002,2023-12-30,2024-11-03
M00188,MED001,2024-01-07,2024-11-12
M00189,MED001,2023-11-07,2024-08-25
M00190,MED001,2024-01-01,2024-10-07
M00191,MED003,2023-09-02,2024-06-20
M00192,MED003,2024-01-20,2025-01-17
M00193,MED002,2024-01-05,2024-09-21
M00194,MED001,2023-09-30,2024-07-18
M00195,MED001,2024-05-11,2024-11-08
M00196,MED003,2024-04-22,2025-02-25
M00197,MED003,2024-04-09,2024-11-28
M00198,MED001,2023-08-29,2024-05-21
M00199,MED001,2024-01-10,2024-11-13
M00200,MED003,2023-11-19,2024-10-10
M00201,MED003,2023-09-29,2024-07-30
M00202,MED001,2023-10-15,2024-08-19
M00203,MED002,2024-06-03,2025-01-21
M00204,MED002,2024-06-10,2025-05-27
M00205,MED002,2023-10-02,2024-09-05
M00206,MED002,2023-09-15,2024-08-19
M00207,MED001,2023-10-12,2024-06-15
M00208,MED002,2023-09-13,2024-09-09
M00209,MED002,2023-09-18,2024-09-15
M00210,MED003,2023-08-09,2024-06-06
M00211,MED002,2024-06-26,2025-05-16
M00212,MED003,2024-06-08,2025-01-11
M00213,MED003,2024-04-11,2024-10-31
M00214,MED001,2024-06-05,2025-02-08
M00215,MED001,2024-03-16,2025-01-05
M00216,MED001,2024-04-10,2025-01-12
M00217,MED001,2024-01-23,2024-12-06
M00218,MED003,2024-01-04,2024-11-22
M00219,MED001,2024-06-24,2025-03-27
M00220,MED003,2023-09-30,2024-07-29
M00221,MED001,2023-11-23,2024-07-29
M00222,MED002,2024-01-05,2024-10-03
M00223,MED002,2024-05-02,2024-10-31
M00224,MED003,2024-03-16,2025-02-06
M00225,MED002,2023-11-15,2024-10-23
M00226,MED002,2024-05-12,2025-04-03
M00227,MED003,2023-09-23,2024-06-18
M00228,MED002,2023-10-22,2024-09-12
M00229,MED002,2024-02-25,2025-01-17
M00230,MED002,2023-12-23,2024-09-23
M00231,MED001,2024-03-07,2024-10-24
M00232,MED003,2024-04-10,2025-03-16
M00233,MED001,2023-09-25,2024-09-06
M00234,MED002,2023-12-14,2024-10-16
M00235,MED002,2023-08-01,2024-03-06
M00236,MED001,2023-10-11,2024-06-28
M00237,MED002,2023-09-29,2024-07-08
M00238,MED003,2023-12-12,2024-10-15
M00239,MED003,2024-07-12,2025-01-18
M00240,MED003,2023-10-30,2024-10-28
M00241,MED002,2024-07-18,2025-07-10
M00242,MED003,2024-05-12,2025-04-07
M00243,MED003,2023-09-13,2024-08-16
M00244,MED002,2024-02-12,2024-09-20
M00245,MED001,2023-09-21,2024-06-25
M00246,MED001,2023-08-10,2024-02-12
M00247,MED002,2024-02-06,2024-12-25
M00248,MED003,2024-06-25,2025-03-21
M00249,MED001,2024-03-31,2025-01-16
M00250,MED001,2024-04-25,2024-12-20
M00251,MED001,2023-11-01,2024-08-19
M00252,MED002,2023-09-14,2024-03-13
M00253,MED001,2024-06-13,2025-04-17
M00254,MED001,2024-07-08,2025-02-20
M00255,MED002,2024-01-20,2024-12-04
M00256,MED002,2024-07-20,2025-02-21
M00257,MED002,2023-09-20,2024-08-24
M00258,MED001,2023-09-17,2024-03-23
M00259,MED001,2023-10-20,2024-07-24
M00260,MED002,2023-09-07,2024-07-29
M00261,MED003,2023-08-22,2024-04-05
M00262,MED002,2023-09-28,2024-08-03
M00263,MED001,2024-07-11,2025-06-03
M00264,MED001,2023-07-28,2024-06-23
M00265,MED002,2023-08-01,2024-03-21
M00266,MED003,2023-12-13,2024-10-07
M00267,MED003,2023-12-31,2024-12-05
M00268,MED001,2024-03-07,2025-02-01
M00269,MED003,2024-04-18,2025-02-07
M00270,MED003,2024-06-20,2025-03-01
M00271,MED003,2023-12-18,2024-10-05
M00272,MED002,2024-04-20,2025-03-29
M00273,MED001,2023-12-31,2024-12-10
M00274,MED002,2024-03-14,2024-12-22
M00275,MED003,2023-07-29,2024-04-17
M00276,MED001,2024-05-24,2025-03-11
M00277,MED002,2023-09-17,2024-06-21
M00278,MED001,2024-02-28,2025-01-25
M00279,MED002,2024-01-11,2024-10-09
M00280,MED001,2024-01-30,2024-12-20
M00281,MED002,2024-07-10,2025-05-13
M00282,MED003,2024-07-22,2025-05-07
M00283,MED002,2024-02-15,2024-11-02
M00284,MED003,2024-02-11,2024-10-01
M00285,MED002,2023-09-25,2024-09-01
M00286,MED003,2023-10-15,2024-09-27
M00287,MED003,2024-04-07,2025-03-13
M00288,MED002,2023-09-21,2024-05-25
M00289,MED002,2024-01-31,2024-08-30
M00290,MED001,2024-05-02,2025-03-19
M00291,MED002,2024-01-31,2024-08-18
M00292,MED001,2024-02-05,2024-09-19
M00293,MED002,2023-08-12,2024-07-04
M00294,MED001,2024-03-10,2025-01-11
M00295,MED003,2023-10-19,2024-08-29
M00296,MED002,2023-11-02,2024-09-11
M00297,MED003,2024-06-22,2025-05-12
M00298,MED002,2023-08-09,2024-06-11
M00299,MED001,2023-07-25,2024-02-22
M00300,MED002,2024-06-25,2025-06-15
M00301,MED001,2024-07-02,2025-04-22
M00302,MED001,2024-04-22,2025-02-14
M00303,MED002,2023-10-07,2024-04-25
M00304,MED003,2024-05-22,2025-04-24
M00305,MED002,2023-09-08,2024-04-12
M00306,MED003,2024-03-25,2025-01-07
M00307,MED001,2024-04-06,2024-11-22
M00308,MED002,2024-06-04,2025-05-31
M00309,MED002,2023-10-06,2024-04-10
M00310,MED003,2023-10-03,2024-04-26
M00311,MED002,2024-07-22,2025-02-13
M00312,MED001,2023-10-28,2024-05-15
M00313,MED002,2023-10-09,2024-05-05
M00314,MED001,2024-04-19,2025-01-20
M00315,MED001,2024-03-13,2024-10-06
M00316,MED003,2023-11-02,2024-08-18
M00317,MED003,2024-01-04,2024-08-31
M00318,MED001,2024-05-05,2024-12-18
M00319,MED003,2023-11-26,2024-10-17
M00320,MED003,2023-12-03,2024-06-03
M00321,MED001,2024-04-23,2024-11-23
M00322,MED002,2023-09-01,2024-04-16
M00323,MED002,2024-04-10,2024-10-23
M00324,MED003,2024-07-16,2025-07-02
M00325,MED003,2024-05-12,2025-04-14
M00326,MED001,2023-09-27,2024-05-09
M00327,MED001,2024-05-24,2025-03-16
M00328,MED001,2023-10-04,2024-04-06
M00329,MED001,2023-09-26,2024-06-30
M00330,MED002,2024-06-28,2025-04-27
M00331,MED001,2023-11-28,2024-07-01
M00332,MED001,2023-07-29,2024-02-17
M00333,MED003,2024-07-18,2025-04-16
M00334,MED001,2024-05-08,2024-12-19
M00335,MED003,2024-04-02,2025-03-28
M00336,MED001,2023-11-07,2024-08-07
M00337,MED001,2024-02-20,2024-11-24
M00338,MED003,2023-12-14,2024-10-04
M00339,MED002,2024-03-31,2025-03-05
M00340,MED002,2024-07-07,2025-06-12
M00341,MED003,2024-02-17,2024-10-20
M00342,MED003,2024-02-21,2024-12-24
M00343,MED002,2023-12-21,2024-07-05
M00344,MED003,2024-06-17,2025-01-07
M00345,MED003,2023-10-31,2024-06-20
M00346,MED003,2023-10-19,2024-06-12
M00347,MED003,2023-11-07,2024-07-10
M00348,MED003,2023-12-27,2024-10-05
M00349,MED002,2024-05-27,2025-05-15
M00350,MED003,2023-11-18,2024-06-08
M00351,MED002,2024-04-21,2025-02-08
M00352,MED001,2024-01-06,2024-08-04
M00353,MED002,2024-05-18,2025-05-07
M00354,MED001,2024-06-17,2025-03-09
M00355,MED002,2023-11-27,2024-10-22
M00356,MED002,2023-10-18,2024-08-19
M00357,MED003,2024-06-05,2025-05-05
M00358,MED002,2023-12-18,2024-10-22
M00359,MED002,2023-08-22,2024-03-05
M00360,MED003,2024-03-29,2025-01-06
M00361,MED001,2024-06-28,2025-06-03
M00362,MED002,2024-04-13,2025-02-23
M00363,MED003,2023-12-26,2024-08-04
M00364,MED001,2024-01-18,2025-01-07
M00365,MED002,2023-11-20,2024-06-25
M00366,MED002,2024-02-04,2025-01-18
M00367,MED002,2024-07-20,2025-02-10
M00368,MED001,2024-03-27,2024-12-30
M00369,MED001,2024-03-12,2024-10-27
M00370,MED002,2024-06-27,2025-05-25
M00371,MED002,2024-03-01,2025-01-26
M00372,MED001,2024-07-08,2025-01-16
M00373,MED003,2023-09-30,2024-05-26
M00374,MED001,2024-04-08,2025-02-16
M00375,MED003,2023-10-07,2024-05-30
M00376,MED003,2024-04-17,2024-11-18
M00377,MED003,2024-03-28,2025-03-15
M00378,MED002,2024-06-12,2024-12-28
M00379,MED002,2023-08-16,2024-04-16
M00380,MED003,2024-04-16,2024-10-20
M00381,MED003,2024-04-15,2025-03-04
M00382,MED003,2024-06-30,2025-05-17
M00383,MED001,2023-10-13,2024-08-02
M00384,MED002,2024-03-19,2025-02-04
M00385,MED003,2024-04-23,2025-01-19
M00386,MED003,2024-04-13,2025-01-15
M00387,MED001,2023-09-20,2024-05-22
M00388,MED002,2024-03-13,2024-10-10
M00389,MED003,2023-12-28,2024-09-18
M00390,MED002,2024-02-09,2024-09-26
M00391,MED003,2024-01-29,2024-12-26
M00392,MED001,2024-01-26,2024-09-24
M00393,MED001,2024-01-18,2024-11-17
M00394,MED002,2024-02-06,2024-12-31
M00395,MED001,2023-08-30,2024-04-23
M00396,MED002,2023-08-31,2024-04-24
M00397,MED003,2024-03-21,2024-12-11
M00398,MED001,2023-12-06,2024-07-21
M00399,MED003,2023-08-24,2024-08-17
M00400,MED003,2024-01-30,2025-01-13
M00401,MED001,2024-04-14,2024-12-19
M00402,MED001,2023-08-12,2024-02-22
M00403,MED001,2024-02-11,2024-10-01
M00404,MED003,2023-11-29,2024-09-04
M00405,MED002,2023-12-04,2024-06-08
M00406,MED002,2024-05-29,2025-01-16
M00407,MED003,2024-04-06,2024-12-01
M00408,MED003,2024-05-07,2025-02-18
M00409,MED003,2024-02-15,2024-08-17
M00410,MED001,2023-11-24,2024-09-01
M00411,MED002,2024-01-17,2024-07-20
M00412,MED002,2023-11-02,2024-08-16
M00413,MED002,2024-05-11,2025-03-02
M00414,MED002,2024-06-10,2025-03-10
M00415,MED002,2024-04-13,2024-11-25
M00416,MED002,2024-01-23,2024-10-27
M00417,MED003,2024-04-13,2024-12-03
M00418,MED003,2023-11-02,2024-10-14
M00419,MED001,2023-10-20,2024-06-07
M00420,MED003,2023-09-27,2024-08-15
M00421,MED003,2023-12-29,2024-07-08
M00422,MED002,2024-05-23,2025-03-12
M00423,MED001,2024-01-16,2024-11-14
M00424,MED002,2023-11-02,2024-08-13
M00425,MED001,2024-04-03,2025-03-06
M00426,MED003,2024-02-28,2025-01-19
M00427,MED003,2023-10-27,2024-09-15
M00428,MED002,2023-09-02,2024-06-27
M00429,MED002,2024-01-02,2024-08-31
M00430,MED002,2023-10-23,2024-05-08
M00431,MED003,2023-08-31,2024-05-28
M00432,MED003,2023-12-27,2024-08-20
M00433,MED003,2024-03-20,2025-03-17
M00434,MED001,2024-02-11,2024-11-06
M00435,MED002,2024-05-07,2025-02-27
M00436,MED001,2023-11-21,2024-07-19
M00437,MED003,2024-02-17,2024-09-06
M00438,MED003,2023-08-27,2024-06-28
M00439,MED001,2024-06-23,2025-05-05
M00440,MED002,2023-11-12,2024-09-26
M00441,MED002,2024-02-16,2024-12-20
M00442,MED003,2023-08-03,2024-03-27
M00443,MED003,2024-07-12,2025-05-09
M00444,MED003,2024-04-10,2024-10-07
M00445,MED002,2024-04-01,2024-10-31
M00446,MED001,2023-12-19,2024-09-19
M00447,MED003,2024-03-26,2025-01-25
M00448,MED003,2024-03-05,2024-12-27
M00449,MED001,2023-12-05,2024-07-19
M00450,MED002,2023-11-05,2024-07-30
M00451,MED003,2024-02-19,2024-12-11
M00452,MED002,2024-01-17,2024-11-20
M00453,MED003,2024-01-31,2024-08-13
M00454,MED002,2023-11-25,2024-07-30
M00455,MED001,2024-06-18,2025-01-05
M00456,MED003,2024-07-01,2025-03-30
M00457,MED003,2024-03-19,2024-11-29
M00458,MED003,2024-05-05,2025-04-03
M00459,MED003,2023-11-05,2024-09-23
M00460,MED003,2024-04-30,2025-04-23
M00461,MED001,2024-04-28,2025-01-18
M00462,MED003,2024-05-29,2025-05-28
M00463,MED003,2024-03-02,2024-09-26
M00464,MED002,2023-12-23,2024-08-27
M00465,MED003,2023-10-16,2024-05-29
M00466,MED002,2023-08-09,2024-05-08
M00467,MED001,2024-03-15,2025-02-01
M00468,MED002,2023-12-25,2024-12-14
M00469,MED002,2023-08-21,2024-05-11
M00470,MED001,2023-12-22,2024-07-27
M00471,MED001,2023-10-28,2024-08-02
M00472,MED002,2023-09-20,2024-04-19
M00473,MED002,2024-05-31,2025-03-07
M00474,MED001,2024-01-31,2024-08-20
M00475,MED001,2024-01-25,2024-08-01
M00476,MED001,2024-05-11,2025-01-14
M00477,MED001,2024-07-23,2025-04-28
M00478,MED001,2024-04-01,2024-10-31
M00479,MED002,2023-09-26,2024-09-19
M00480,MED001,2024-05-25,2025-04-07
M00481,MED003,2023-07-29,2024-06-19
M00482,MED003,2024-03-10,2024-12-10
M00483,MED003,2024-03-26,2024-09-22
M00484,MED003,2023-08-21,2024-04-25
M00485,MED001,2023-11-04,2024-05-05
M00486,MED003,2023-11-05,2024-05-18
M00487,MED002,2024-03-08,2024-09-27
M00488,MED003,2023-09-03,2024-05-19
M00489,MED001,2023-11-05,2024-05-04
M00490,MED003,2023-08-13,2024-06-15
M00491,MED002,2024-02-18,2025-01-22
M00492,MED001,2023-09-17,2024-06-06
M00493,MED001,2023-09-14,2024-08-10
M00494,MED001,2023-08-01,2024-06-15
M00495,MED003,2023-12-25,2024-12-16
M00496,MED003,2023-11-12,2024-10-19
M00497,MED001,2023-09-10,2024-07-09
M00498,MED003,2024-05-06,2024-12-04
M00499,MED002,2024-07-21,2025-06-26
M00500,MED001,2023-10-08,2024-09-30
M00501,MED002,2024-04-16,2025-04-01
M00502,MED002,2023-07-26,2024-05-01
M00503,MED003,2024-01-19,2024-07-28
M00504,MED003,2024-02-12,2024-10-15
M00505,MED001,2023-11-03,2024-07-04
M00506,MED002,2023-08-11,2024-07-16
M00507,MED003,2024-02-21,2025-02-02
M00508,MED002,2024-03-04,2024-11-12
M00509,MED003,2024-03-02,2024-10-10
M00510,MED002,2024-01-25,2024-09-04
M00511,MED001,2024-06-04,2024-12-29
M00512,MED003,2024-05-17,2025-04-02
M00513,MED001,2023-12-31,2024-07-09
M00514,MED002,2024-02-23,2024-11-23
M00515,MED002,2024-03-04,2024-10-15
M00516,MED001,2024-04-22,2025-02-25
M00517,MED002,2024-06-17,2025-01-17
M00518,MED003,2024-05-09,2025-01-24
M00519,MED003,2023-10-02,2024-06-27
M00520,MED002,2024-05-17,2024-11-20
M00521,MED002,2023-12-21,2024-09-18
M00522,MED002,2023-12-19,2024-11-16
M00523,MED002,2024-04-22,2025-01-16
M00524,MED003,2023-11-01,2024-10-07
M00525,MED003,2023-09-02,2024-06-22
M00526,MED002,2023-10-10,2024-07-20
M00527,MED001,2023-08-25,2024-07-04
M00528,MED001,2023-11-04,2024-06-28
M00529,MED003,2023-12-17,2024-10-05
M00530,MED001,2024-01-21,2024-10-01
M00531,MED002,2024-01-25,2024-12-26
M00532,MED001,2023-08-04,2024-05-29
M00533,MED003,2024-07-12,2025-06-20
M00534,MED002,2023-10-27,2024-05-14
M00535,MED002,2023-12-17,2024-11-24
M00536,MED003,2024-04-26,2025-03-09
M00537,MED001,2023-08-02,2024-05-08
M00538,MED003,2023-09-30,2024-08-26
M00539,MED003,2023-10-12,2024-10-02
M00540,MED001,2024-02-12,2024-11-16
M00541,MED002,2023-11-04,2024-06-06
M00542,MED001,2023-08-04,2024-05-05
M00543,MED001,2023-08-19,2024-07-15
M00544,MED002,2023-10-27,2024-09-21
M00545,MED002,2023-08-08,2024-03-11
M00546,MED003,2024-06-24,2025-01-01
M00547,MED001,2023-10-27,2024-08-14
M00548,MED002,2024-01-12,2025-01-08
M00549,MED001,2024-07-03,2025-01-11
M00550,MED001,2023-09-01,2024-03-21
M00551,MED002,2024-07-08,2025-04-12
M00552,MED002,2023-10-19,2024-07-29
M00553,MED001,2024-02-27,2024-09-23
M00554,MED002,2023-07-29,2024-02-10
M00555,MED001,2023-08-09,2024-05-27
M00556,MED002,2023-10-15,2024-06-12
M00557,MED003,2023-08-06,2024-04-25
M00558,MED002,2024-01-24,2024-11-10
M00559,MED001,2023-12-17,2024-09-07
M00560,MED002,2024-05-30,2025-04-15
M00561,MED001,2024-06-15,2024-12-30
M00562,MED002,2023-11-11,2024-11-01
M00563,MED001,2024-04-10,2025-01-14
M00564,MED001,2023-09-04,2024-07-19
M00565,MED002,2024-03-18,2025-02-07
M00566,MED001,2024-02-26,2024-11-07
M00567,MED003,2023-10-23,2024-04-28
M00568,MED003,2024-06-21,2025-01-14
M00569,MED002,2024-04-10,2025-02-11
M00570,MED001,2024-01-08,2024-08-26
M00571,MED001,2024-06-11,2025-02-28
M00572,MED001,2023-10-14,2024-07-30
M00573,MED002,2023-08-22,2024-07-10
M00574,MED002,2024-01-14,2024-11-05
M00575,MED003,2024-07-12,2025-03-17
M00576,MED001,2024-03-31,2025-01-03
M00577,MED003,2024-06-16,2025-05-01
M00578,MED002,2024-03-21,2024-10-11
M00579,MED002,2024-04-25,2025-04-19
M00580,MED003,2024-04-07,2025-02-03
M00581,MED001,2024-04-27,2024-12-15
M00582,MED001,2024-06-13,2025-05-09
M00583,MED001,2023-11-17,2024-10-05
M00584,MED002,2024-07-13,2025-03-06
M00585,MED001,2024-03-28,2024-11-01
M00586,MED001,2024-01-24,2024-11-07
M00587,MED003,2024-02-04,2025-01-29
M00588,MED003,2023-11-29,2024-07-07
M00589,MED003,2024-03-01,2025-02-10
M00590,MED003,2023-08-25,2024-07-11
M00591,MED002,2024-05-30,2025-03-27
M00592,MED001,2024-05-20,2025-03-28
M00593,MED002,2024-02-11,2025-01-18
M00594,MED001,2024-05-02,2025-01-11
M00595,MED002,2023-12-29,2024-11-18
M00596,MED001,2023-09-14,2024-05-26
M00597,MED001,2024-04-23,2024-10-28
M00598,MED001,2024-02-01,2024-10-11
M00599,MED002,2024-05-07,2025-03-27
M00600,MED003,2023-08-01,2024-02-03
M00601,MED003,2024-05-11,2025-04-29
M00602,MED002,2024-07-02,2025-05-18
M00603,MED001,2024-02-26,2025-02-07
M00604,MED001,2023-12-22,2024-12-05
M00605,MED002,2024-01-13,2024-11-24
M00606,MED003,2024-01-20,2025-01-11
M00607,MED003,2024-05-06,2024-11-28
M00608,MED001,2023-10-07,2024-08-03
M00609,MED003,2023-08-04,2024-02-04
M00610,MED003,2023-10-29,2024-05-24
M00611,MED003,2024-03-18,2025-02-25
M00612,MED001,2024-01-25,2025-01-04
M00613,MED003,2023-09-14,2024-06-02
M00614,MED001,2024-04-07,2025-02-16
M00615,MED002,2024-05-10,2025-02-22
M00616,MED002,2023-08-13,2024-04-13
M00617,MED001,2023-10-07,2024-06-28
M00618,MED003,2024-04-19,2025-03-09
M00619,MED002,2023-09-10,2024-05-17
M00620,MED001,2024-01-24,2024-09-04
M00621,MED003,2024-01-30,2024-12-06
M00622,MED002,2024-07-19,2025-02-19
M00623,MED001,2023-12-08,2024-08-13
M00624,MED003,2023-08-28,2024-07-31
M00625,MED003,2023-11-30,2024-06-15
M00626,MED001,2024-02-25,2024-12-08
M00627,MED003,2023-09-03,2024-08-29
M00628,MED002,2024-06-07,2025-05-19
M00629,MED001,2023-09-10,2024-06-06
M00630,MED003,2024-01-16,2024-10-11
M00631,MED003,2024-05-08,2024-11-22
M00632,MED003,2024-04-03,2024-11-07
M00633,MED003,2024-04-07,2025-02-06
M00634,MED003,2024-04-04,2025-03-22
M00635,MED001,2023-10-06,2024-08-21
M00636,MED002,2023-08-18,2024-06-18
M00637,MED002,2023-08-25,2024-04-18
M00638,MED001,2023-11-23,2024-10-15
M00639,MED003,2024-04-06,2024-12-02
M00640,MED002,2023-10-26,2024-08-27
M00641,MED002,2023-11-09,2024-08-19
M00642,MED002,2023-12-13,2024-11-23
M00643,MED003,2024-01-03,2024-07-01
M00644,MED001,2024-04-20,2025-02-24
M00645,MED002,2024-02-14,2024-11-11
M00646,MED001,2024-05-20,2025-03-08
M00647,MED002,2024-07-22,2025-06-19
M00648,MED001,2023-11-02,2024-06-24
M00649,MED003,2024-06-06,2025-05-12
M00650,MED003,2023-08-20,2024-07-30
M00651,MED003,2023-07-26,2024-05-17
M00652,MED001,2024-03-16,2025-01-23
M00653,MED003,2024-07-19,2025-03-13
M00654,MED003,2024-04-30,2024-12-09
M00655,MED002,2023-12-25,2024-12-11
M00656,MED001,2024-01-20,2024-12-24
M00657,MED001,2023-08-02,2024-07-19
M00658,MED002,2024-04-20,2024-12-16
M00659,MED003,2023-12-11,2024-07-24
M00660,MED002,2024-02-16,2025-01-09
M00661,MED003,2024-02-01,2024-10-17
M00662,MED001,2024-06-09,2025-04-02
M00663,MED003,2024-02-25,2025-02-02
M00664,MED002,2023-09-03,2024-07-25
M00665,MED003,2024-07-11,2025-01-26
M00666,MED002,2023-08-29,2024-08-27
M00667,MED003,2023-07-28,2024-06-17
M00668,MED001,2023-09-28,2024-05-11
M00669,MED001,2023-10-21,2024-06-05
M00670,MED001,2024-02-08,2024-08-19
M00671,MED003,2024-07-17,2025-06-04
M00672,MED002,2023-10-19,2024-09-21
M00673,MED001,2024-02-17,2024-08-15
M00674,MED002,2024-04-19,2025-02-09
M00675,MED001,2024-03-21,2024-11-09
M00676,MED001,2024-05-22,2025-03-15
M00677,MED001,2023-08-30,2024-02-28
M00678,MED001,2023-12-21,2024-11-08
M00679,MED002,2023-09-23,2024-09-21
M00680,MED002,2024-04-04,2024-10-12
M00681,MED003,2024-04-28,2025-01-06
M00682,MED002,2024-07-13,2025-01-24
M00683,MED003,2024-05-21,2025-02-26
M00684,MED002,2024-04-04,2025-03-01
M00685,MED002,2023-09-22,2024-08-22
M00686,MED001,2023-12-15,2024-10-06
M00687,MED003,2024-04-08,2024-10-12
M00688,MED001,2023-12-11,2024-10-07
M00689,MED002,2023-10-25,2024-07-22
M00690,MED002,2023-08-04,2024-07-12
M00691,MED001,2023-08-14,2024-05-09
M00692,MED003,2023-10-07,2024-08-17
M00693,MED002,2024-03-16,2024-11-10
M00694,MED002,2023-11-14,2024-11-05
M00695,MED001,2024-03-30,2024-10-23
M00696,MED002,2023-09-01,2024-06-07
M00697,MED002,2024-03-17,2024-10-23
M00698,MED002,2024-07-06,2025-06-05
M00699,MED003,2024-05-02,2025-03-22
M00700,MED002,2023-12-18,2024-11-22
M00701,MED002,2024-02-15,2025-01-16
M00702,MED002,2023-10-25,2024-09-09
M00703,MED001,2024-03-08,2024-10-19
M00704,MED002,2024-04-09,2024-11-09
M00705,MED003,2023-11-21,2024-09-29
M00706,MED002,2024-01-18,2024-10-05
M00707,MED002,2024-03-06,2024-12-25
M00708,MED003,2024-07-13,2025-02-24
M00709,MED002,2024-03-02,2025-01-28
M00710,MED001,2023-08-22,2024-02-27
M00711,MED003,2024-05-02,2024-12-23
M00712,MED002,2023-11-10,2024-06-06
M00713,MED001,2023-10-10,2024-07-24
M00714,MED002,2024-07-18,2025-01-18
M00715,MED003,2023-08-30,2024-06-23
M00716,MED001,2024-02-29,2024-09-28
M00717,MED003,2024-07-21,2025-05-14
M00718,MED002,2023-11-17,2024-07-18
M00719,MED002,2023-12-12,2024-11-01
M00720,MED001,2023-11-19,2024-11-09
M00721,MED001,2023-09-05,2024-03-13
M00722,MED002,2023-10-27,2024-07-17
M00723,MED003,2023-08-26,2024-03-18
M00724,MED002,2024-04-15,2024-12-13
M00725,MED002,2023-10-29,2024-07-20
M00726,MED002,2023-11-23,2024-07-18
M00727,MED003,2023-07-30,2024-02-21
M00728,MED003,2024-03-15,2025-03-06
M00729,MED002,2023-10-19,2024-09-23
M00730,MED001,2024-02-07,2024-11-10
M00731,MED003,2023-07-29,2024-05-08
M00732,MED002,2023-09-04,2024-06-08
M00733,MED002,2024-02-18,2024-12-22
M00734,MED002,2024-06-05,2025-04-29
M00735,MED001,2023-09-07,2024-04-28
M00736,MED003,2023-10-20,2024-04-22
M00737,MED002,2023-11-26,2024-08-26
M00738,MED003,2024-02-13,2024-12-21
M00739,MED002,2024-06-02,2025-03-10
M00740,MED002,2023-11-05,2024-05-05
M00741,MED003,2024-07-12,2025-07-07
M00742,MED001,2024-05-11,2024-11-29
M00743,MED001,2024-03-31,2024-11-18
M00744,MED003,2023-11-25,2024-11-03
M00745,MED003,2023-08-07,2024-04-25
M00746,MED002,2023-12-05,2024-10-24
M00747,MED002,2024-04-16,2025-01-05
M00748,MED003,2024-01-02,2024-09-15
M00749,MED003,2024-06-18,2025-04-03
M00750,MED003,2024-02-09,2024-08-07
M00751,MED001,2024-02-19,2024-10-06
M00752,MED001,2024-05-09,2025-04-26
M00753,MED001,2023-08-27,2024-02-26
M00754,MED003,2023-08-06,2024-05-24
M00755,MED003,2024-01-06,2024-08-04
M00756,MED002,2024-05-15,2024-12-14
M00757,MED001,2024-04-10,2025-01-06
M00758,MED001,2023-08-09,2024-05-09
M00759,MED001,2024-02-08,2024-10-16
M00760,MED001,2024-06-17,2025-01-21
M00761,MED003,2023-12-15,2024-11-12
M00762,MED002,2023-11-23,2024-10-29
M00763,MED002,2024-01-28,2025-01-23
M00764,MED002,2024-07-17,2025-05-10
M00765,MED003,2024-06-21,2024-12-20
M00766,MED001,2024-06-01,2025-03-30
M00767,MED003,2024-02-09,2024-09-25
M00768,MED001,2024-01-25,2024-08-03
M00769,MED003,2024-03-20,2024-11-08
M00770,MED002,2023-11-02,2024-09-09
M00771,MED002,2023-12-27,2024-08-19
M00772,MED002,2023-10-16,2024-09-04
M00773,MED002,2024-01-27,2024-11-13
M00774,MED001,2024-06-15,2025-01-27
M00775,MED003,2023-10-01,2024-08-26
M00776,MED001,2023-09-23,2024-06-13
M00777,MED003,2024-04-11,2025-02-26
M00778,MED002,2024-03-30,2024-11-30
M00779,MED002,2023-12-24,2024-09-03
M00780,MED002,2024-05-27,2025-05-20
M00781,MED003,2024-01-16,2024-10-24
M00782,MED002,2024-02-06,2025-01-16
M00783,MED001,2024-06-19,2025-01-22
M00784,MED001,2023-08-13,2024-03-29
M00785,MED001,2024-07-12,2025-04-15
M00786,MED003,2024-05-24,2025-02-09
M00787,MED001,2024-03-05,2024-09-30
M00788,MED002,2024-05-11,2025-01-24
M00789,MED003,2024-01-01,2024-09-27
M00790,MED002,2023-12-06,2024-11-28
M00791,MED003,2024-03-19,2024-11-05
M00792,MED001,2023-09-30,2024-09-09
M00793,MED002,2023-10-23,2024-07-07
M00794,MED002,2023-09-05,2024-04-01
M00795,MED003,2023-10-30,2024-08-10
M00796,MED002,2024-03-05,2024-10-21
M00797,MED001,2024-04-07,2024-12-23
M00798,MED003,2024-05-31,2025-04-08
M00799,MED002,2023-12-02,2024-06-27
M00800,MED003,2024-07-18,2025-05-25
M00801,MED002,2023-12-18,2024-10-30
M00802,MED001,2023-11-27,2024-11-24
M00803,MED001,2024-03-08,2025-01-26
M00804,MED001,2024-04-04,2024-12-13
M00805,MED001,2023-10-07,2024-04-20
M00806,MED002,2024-03-30,2024-12-18
M00807,MED001,2023-10-18,2024-06-22
M00808,MED003,2024-01-08,2024-08-08
M00809,MED002,2024-03-30,2024-10-01
M00810,MED001,2023-09-03,2024-04-22
M00811,MED003,2024-01-09,2024-11-09
M00812,MED002,2024-02-29,2024-10-08
M00813,MED003,2024-04-04,2025-01-23
M00814,MED002,2024-03-15,2024-12-30
M00815,MED003,2024-04-19,2025-03-15
M00816,MED001,2024-07-14,2025-07-11
M00817,MED003,2023-12-31,2024-09-15
M00818,MED003,2024-06-03,2025-03-04
M00819,MED002,2023-12-30,2024-10-22
M00820,MED002,2024-03-20,2025-02-06
M00821,MED001,2024-05-22,2024-11-25
M00822,MED003,2023-12-04,2024-10-10
M00823,MED003,2024-01-13,2024-10-22
M00824,MED003,2023-12-03,2024-10-09
M00825,MED003,2024-06-09,2025-06-07
M00826,MED001,2024-06-02,2024-12-23
M00827,MED002,2024-05-20,2025-02-19
M00828,MED003,2024-02-18,2025-01-17
M00829,MED001,2024-06-07,2025-03-06
M00830,MED001,2023-08-21,2024-07-25
M00831,MED001,2024-06-24,2025-06-16
M00832,MED001,2023-08-20,2024-04-16
M00833,MED001,2024-04-06,2025-02-01
M00834,MED002,2024-07-03,2025-02-18
M00835,MED001,2024-01-07,2024-11-28
M00836,MED002,2023-11-25,2024-06-12
M00837,MED003,2024-06-20,2024-12-21
M00838,MED003,2024-02-21,2024-11-18
M00839,MED002,2023-08-14,2024-07-28
M00840,MED002,2024-07-22,2025-03-19
M00841,MED003,2023-08-03,2024-02-20
M00842,MED001,2024-03-06,2025-01-28
M00843,MED003,2023-09-08,2024-05-14
M00844,MED001,2024-04-29,2024-10-26
M00845,MED001,2024-06-07,2025-04-15
M00846,MED002,2024-05-01,2024-11-08
M00847,MED002,2023-10-15,2024-07-10
M00848,MED003,2024-02-17,2024-09-29
M00849,MED003,2024-03-22,2024-10-21
M00850,MED002,2024-01-25,2025-01-15
M00851,MED003,2024-06-05,2025-02-17
M00852,MED002,2023-10-27,2024-06-07
M00853,MED002,2023-12-22,2024-11-20
M00854,MED003,2023-08-07,2024-04-15
M00855,MED001,2024-04-26,2024-11-17
M00856,MED001,2024-05-16,2024-12-28
M00857,MED002,2023-12-02,2024-09-27
M00858,MED003,2024-01-26,2024-09-17
M00859,MED001,2023-11-12,2024-08-11
M00860,MED002,2024-02-11,2024-11-23
M00861,MED002,2024-01-14,2024-09-12
M00862,MED003,2023-10-07,2024-05-21
M00863,MED003,2024-01-13,2024-09-09
M00864,MED002,2024-06-12,2025-02-27
M00865,MED001,2024-03-31,2024-10-22
M00866,MED003,2023-10-25,2024-05-27
M00867,MED003,2023-08-27,2024-02-23
M00868,MED003,2023-08-10,2024-02-13
M00869,MED001,2023-11-01,2024-08-19
M00870,MED001,2024-07-16,2025-04-20
M00871,MED002,2023-11-05,2024-10-29
M00872,MED003,2024-04-21,2024-12-03
M00873,MED001,2024-06-30,2025-05-02
M00874,MED001,2023-08-31,2024-04-22
M00875,MED003,2024-06-26,2025-01-05
M00876,MED001,2024-04-28,2024-11-21
M00877,MED002,2024-01-27,2024-10-10
M00878,MED001,2023-11-10,2024-09-14
M00879,MED001,2024-02-12,2024-11-26
M00880,MED002,2024-03-24,2025-02-20
M00881,MED003,2023-11-03,2024-05-14
M00882,MED001,2024-05-18,2025-01-08
M00883,MED002,2024-02-20,2024-12-10
M00884,MED003,2024-07-15,2025-01-17
M00885,MED002,2024-02-26,2024-08-26
M00886,MED001,2024-03-31,2025-01-15
M00887,MED002,2023-11-30,2024-10-25
M00888,MED001,2024-04-11,2025-01-22
M00889,MED003,2024-06-12,2024-12-26
M00890,MED003,2023-09-04,2024-04-08
M00891,MED002,2024-02-17,2024-12-07
M00892,MED001,2024-06-06,2024-12-17
M00893,MED003,2023-10-15,2024-08-08
M00894,MED002,2023-11-07,2024-06-01
M00895,MED003,2023-08-19,2024-03-24
M00896,MED003,2024-03-25,2025-03-24
M00897,MED001,2023-12-16,2024-06-29
M00898,MED003,2024-03-11,2024-12-01
M00899,MED003,2024-06-03,2025-04-04
M00900,MED001,2024-07-18,2025-02-26
M00901,MED003,2023-10-29,2024-05-20
M00902,MED003,2024-04-27,2025-03-17
M00903,MED001,2023-09-08,2024-03-18
M00904,MED001,2024-07-14,2025-02-03
M00905,MED003,2024-07-03,2025-03-07
M00906,MED003,2024-02-26,2025-01-08
M00907,MED003,2024-01-25,2024-09-27
M00908,MED003,2024-06-17,2025-04-01
M00909,MED002,2024-06-28,2025-05-19
M00910,MED003,2024-07-18,2025-05-04
M00911,MED001,2024-04-17,2025-02-01
M00912,MED001,2023-11-08,2024-06-08
M00913,MED001,2023-10-22,2024-08-07
M00914,MED001,2023-12-14,2024-06-18
M00915,MED003,2023-10-28,2024-10-09
M00916,MED003,2024-01-07,2024-10-25
M00917,MED002,2024-02-22,2024-11-10
M00918,MED003,2023-11-24,2024-07-02
M00919,MED001,2023-12-15,2024-11-27
M00920,MED003,2023-12-03,2024-09-08
M00921,MED002,2024-02-18,2024-08-21
M00922,MED003,2023-11-25,2024-11-18
M00923,MED003,2023-08-21,2024-03-13
M00924,MED001,2023-10-26,2024-06-25
M00925,MED002,2024-03-20,2025-03-18
M00926,MED003,2024-02-22,2024-10-17
M00927,MED003,2023-10-07,2024-07-21
M00928,MED002,2024-04-13,2025-02-07
M00929,MED003,2023-08-03,2024-03-02
M00930,MED002,2024-03-22,2025-03-17
M00931,MED002,2024-05-15,2025-04-09
M00932,MED001,2023-12-23,2024-07-10
M00933,MED003,2024-04-18,2024-12-23
M00934,MED002,2024-03-06,2024-12-22
M00935,MED002,2024-05-07,2024-11-06
M00936,MED002,2023-11-01,2024-07-31
M00937,MED001,2024-07-08,2025-03-19
M00938,MED003,2023-10-18,2024-06-15
M00939,MED001,2023-12-17,2024-09-15
M00940,MED001,2024-07-04,2025-04-04
M00941,MED002,2023-12-27,2024-11-22
M00942,MED002,2023-12-01,2024-07-22
M00943,MED002,2024-02-18,2024-12-30
M00944,MED002,2023-11-10,2024-09-15
M00945,MED001,2023-11-12,2024-06-09
M00946,MED002,2023-08-19,2024-03-25
M00947,MED003,2024-05-20,2024-12-21
M00948,MED001,2024-03-14,2025-02-08
M00949,MED002,2023-11-09,2024-05-12
M00950,MED003,2024-02-04,2024-10-06
M00951,MED002,2023-12-08,2024-08-18
M00952,MED003,2024-06-19,2024-12-19
M00953,MED002,2024-06-27,2025-03-12
M00954,MED002,2023-10-08,2024-08-16
M00955,MED001,2023-07-26,2024-05-18
M00956,MED002,2024-04-21,2025-02-07
M00957,MED003,2023-08-24,2024-05-23
M00958,MED003,2024-06-24,2025-06-17
M00959,MED001,2024-01-11,2024-09-08
M00960,MED002,2023-12-01,2024-11-29
M00961,MED001,2024-04-14,2024-12-28
M00962,MED002,2023-08-10,2024-06-20
M00963,MED001,2023-09-24,2024-04-16
M00964,MED002,2024-03-13,2025-03-06
M00965,MED002,2023-07-29,2024-07-15
M00966,MED001,2024-02-08,2024-09-18
M00967,MED001,2023-10-14,2024-08-21
M00968,MED001,2023-07-29,2024-04-03
M00969,MED001,2024-07-05,2025-06-03
M00970,MED002,2023-11-04,2024-08-27
M00971,MED002,2024-07-09,2025-03-13
M00972,MED003,2023-10-24,2024-05-09
M00973,MED002,2024-02-09,2024-08-26
M00974,MED001,2024-03-28,2025-01-14
M00975,MED001,2023-12-19,2024-11-02
M00976,MED002,2024-01-20,2024-09-02
M00977,MED003,2024-03-12,2024-09-08
M00978,MED003,2023-08-08,2024-05-03
M00979,MED002,2024-01-21,2024-12-07
M00980,MED001,2023-12-13,2024-08-12
M00981,MED001,2023-08-23,2024-03-27
M00982,MED002,2024-03-11,2024-10-13
M00983,MED003,2023-10-02,2024-08-02
M00984,MED002,2023-12-18,2024-10-31
M00985,MED002,2023-08-01,2024-05-06
M00986,MED002,2024-02-21,2024-11-03
M00987,MED002,2024-03-14,2024-09-12
M00988,MED001,2024-06-08,2025-05-14
M00989,MED001,2023-10-11,2024-08-19
M00990,MED002,2024-01-16,2025-01-07
M00991,MED003,2024-04-26,2024-11-01
M00992,MED002,2024-01-01,2024-07-03
M00993,MED001,2023-12-06,2024-10-31
M00994,MED001,2024-07-15,2025-05-28
M00995,MED003,2023-12-26,2024-12-11
M00996,MED002,2024-06-14,2025-04-19
M00997,MED001,2024-01-25,2024-08-04
M00998,MED001,2023-11-21,2024-11-02
M00999,MED002,2023-08-23,2024-06-27
